{
  "level": 53.083485,
  "levelValues": [
    -0.999938,
    -0.011083859,
    541.46893,
    0.011083859,
    -0.999938,
    536.5035,
    0.0,
    0.0,
    1.0
  ]
}