{
  "highLevel": 41.962894,
  "highValues": [
    -0.97050434,
    0.24108306,
    478.39026,
    -0.24108306,
    -0.97050434,
    586.39545,
    0.0,
    0.0,
    1.0
  ],
  "lowLevel": 44.167027,
  "lowValues": [
    -0.9480408,
    0.3181494,
    456.09576,
    -0.3181494,
    -0.9480408,
    598.62665,
    0.0,
    0.0,
    1.0
  ],
  "midLevel": 44.64166,
  "midValues": [
    -0.9704489,
    0.24130662,
    478.32785,
    -0.24130662,
    -0.9704489,
    586.4332,
    0.0,
    0.0,
    1.0
  ]
}