{
  "damp": 43.475662,
  "dampValues": [
    -0.9033999,
    -0.42879847,
    613.4124,
    0.42879847,
    -0.9033999,
    421.3107,
    0.0,
    0.0,
    1.0
  ],
  "mix": 39.470764,
  "mixValues": [
    -0.7239811,
    -0.68981963,
    631.6918,
    0.68981963,
    -0.7239811,
    322.65204,
    0.0,
    0.0,
    1.0
  ],
  "roomSize": 43.21102,
  "roomSizeValues": [
    -0.91651225,
    -0.40000662,
    609.9002,
    0.40000662,
    -0.91651225,
    430.69727,
    0.0,
    0.0,
    1.0
  ],
  "weight": 43.555946,
  "weightValues": [
    -0.933095,
    -0.3596303,
    604.57025,
    0.3596303,
    -0.933095,
    443.45602,
    0.0,
    0.0,
    1.0
  ]
}