{
  "frequency": 50.855812,
  "frequencyValues": [
    -0.9999357,
    -0.011352521,
    541.5285,
    0.011352521,
    -0.9999357,
    536.44257,
    0.0,
    0.0,
    1.0
  ],
  "mix": 52.826527,
  "mixValues": [
    -0.99981356,
    0.019313302,
    534.6323,
    -0.019313302,
    -0.99981356,
    543.28455,
    0.0,
    0.0,
    1.0
  ]
}